1910	minimum-impossible-or	0
1911	kill-process	0
1912	sum-in-a-matrix	0
1913	minimum-swaps-to-avoid-forbidden-values	0
1914	longest-common-prefix-after-at-most-one-removal	0
1915	apply-operations-to-maximize-score	0
1916	letter-tile-possibilities	0
1918	minimize-the-total-price-of-the-trips	0
1919	sum-of-digit-differences-of-all-pairs	1
1921	tuple-with-same-product	0
1922	cells-with-odd-values-in-a-matrix	0
1923	short-encoding-of-words	0
1924	path-sum-iv	0
1925	matchsticks-to-square	0
1926	maximum-number-of-points-from-grid-queries	0
1928	distribute-money-to-maximum-children	0
1929	maximum-xor-of-two-numbers-in-an-array	0
1930	find-k-pairs-with-smallest-sums	0
1931	maximum-elegance-of-a-k-length-subsequence	0
1932	count-subarrays-with-majority-element-i	0
1933	sum-of-largest-prime-substrings	0
1934	n-th-tribonacci-number	0
1935	minimum-moves-to-move-a-box-to-their-target-location	0
1937	tag-validator	0
1938	all-divisions-with-the-highest-score-of-a-binary-array	0
1939	find-all-k-distant-indices-in-an-array	0
1940	frog-jump	0
1941	minimum-time-to-revert-word-to-initial-state-i	0
1942	longest-string-chain	0
1943	walls-and-gates	0
1944	shortest-subarray-to-be-removed-to-make-array-sorted	0
1945	minimum-time-to-visit-a-cell-in-a-grid	0
1947	increasing-decreasing-string	0
1948	minimum-time-to-activate-string	0
1949	closest-room	0
1950	binary-tree-coloring-game	0
1951	count-univalue-subtrees	0
1952	fizz-buzz-multithreaded	1
1953	path-with-maximum-gold	0
1954	all-ancestors-of-a-node-in-a-directed-acyclic-graph	0
1956	number-of-segments-in-a-string	0
1957	reverse-words-with-same-vowel-count	0
1960	count-number-of-possible-root-nodes	0
1961	maximize-the-number-of-target-nodes-after-connecting-trees-ii	0
1962	merge-intervals	0
1963	triples-with-bitwise-and-equal-to-zero	0
1964	validate-binary-tree-nodes	0
1965	number-of-people-that-can-be-seen-in-a-grid	0
1966	count-stepping-numbers-in-range	0
1967	arithmetic-slices-ii-subsequence	0
1968	count-dominant-indices	0
1969	strictly-palindromic-number	0
1970	number-of-ways-where-square-of-number-is-equal-to-product-of-two-numbers	0
1971	minimum-operations-to-transform-string	0
1972	split-array-with-same-average	0
1973	remove-zero-sum-consecutive-nodes-from-linked-list	0
1974	valid-tic-tac-toe-state	0
1975	find-the-minimum-number-of-fibonacci-numbers-whose-sum-is-k	0
1976	detect-squares	0
1978	most-expensive-item-that-can-not-be-bought	0
1979	decode-the-slanted-ciphertext	0
1980	stamping-the-sequence	0
1982	palindrome-pairs	0
1983	reverse-subarray-to-maximize-array-value	0
1984	find-maximum-number-of-string-pairs	0
1985	minimum-depth-of-binary-tree	0
1986	increasing-order-search-tree	0
1987	minimum-moves-to-balance-circular-array	0
1988	minimum-operations-to-reduce-an-integer-to-0	1
1989	count-number-of-balanced-permutations	1
1990	check-if-numbers-are-ascending-in-a-sentence	0
1991	find-the-winner-of-the-circular-game	0
1992	contiguous-array	0
1994	number-of-excellent-pairs	0
1996	find-the-number-of-copy-arrays	0
1997	number-of-unique-categories	1
1998	shortest-word-distance-iii	0
1999	count-of-interesting-subarrays	0
2000	maximum-level-sum-of-a-binary-tree	0
2001	substrings-that-begin-and-end-with-the-same-letter	0
2002	find-the-grid-of-region-average	0
2003	separate-black-and-white-balls	0
2004	number-of-student-replacements	0
2005	fair-candy-swap	0
2006	find-peak-element	0
2007	making-file-names-unique	0
2008	sparse-matrix-multiplication	0
2010	minimum-absolute-difference-queries	0
2011	maximum-deletions-on-a-string	0
2012	fruit-into-baskets	0
2013	number-of-recent-calls	0
2014	minimum-number-of-flips-to-convert-binary-matrix-to-zero-matrix	0
2015	count-unguarded-cells-in-the-grid	0
2016	check-if-two-string-arrays-are-equivalent	0
2017	escape-a-large-maze	0
2018	longest-common-subpath	0
2019	meeting-scheduler	0
2020	find-the-middle-index-in-array	0
2022	longest-alternating-subarray	0
2023	path-existence-queries-in-a-graph-i	0
2024	minimum-time-for-k-virus-variants-to-spread	0
2025	minimum-absolute-distance-between-mirror-pairs	0
2026	online-stock-span	0
2027	before-and-after-puzzle	0
2028	count-vowels-permutation	0
2029	minimum-consecutive-cards-to-pick-up	0
2030	inorder-successor-in-bst	1
2031	count-days-without-meetings	0
2032	minimum-operations-to-make-array-values-equal-to-k	0
2033	earliest-finish-time-for-land-and-water-rides-i	0
2034	palindrome-partitioning-iv	0
2035	spiral-matrix-iv	0
2036	valid-palindrome-iii	0
2037	construct-2d-grid-matching-graph-layout	1
2039	longest-almost-palindromic-substring	0
2040	number-of-ships-in-a-rectangle	1
2041	unique-paths-iii	0
2043	make-number-of-distinct-characters-equal	0
2044	count-of-substrings-containing-every-vowel-and-k-consonants-i	0
2045	connecting-cities-with-minimum-cost	0
2046	unique-substrings-with-equal-digit-frequency	1
2047	add-two-numbers	0
2048	call-function-with-custom-context	0
2050	number-of-distinct-islands	0
2051	maximum-score-of-a-node-sequence	0
2052	maximal-score-after-applying-k-operations	0
2053	search-a-2d-matrix	0
2055	find-valid-pair-of-adjacent-digits-in-string	0
2056	minimum-hours-of-training-to-win-a-competition	0
2057	design-a-text-editor	0
2058	smallest-rotation-with-highest-score	0
2059	count-and-say	0
2060	allocate-mailboxes	0
2061	high-five	0
2062	x-of-a-kind-in-a-deck-of-cards	0
2063	find-kth-bit-in-nth-binary-string	0
2064	maximum-difference-score-in-a-grid	0
2065	the-most-similar-path-in-a-graph	0
2066	lexicographically-smallest-negated-permutation-that-sums-to-target	0
2067	sum-of-elements-with-frequency-divisible-by-k	0
2068	strobogrammatic-number-iii	0
2069	apply-operations-to-make-sum-of-array-greater-than-or-equal-to-k	0
2070	sum-of-all-subset-xor-totals	0
2071	alternating-groups-iii	0
2072	minimum-swaps-to-group-all-1s-together	0
2073	super-ugly-number	0
2074	remove-duplicates-from-sorted-list	0
2075	minimize-rounding-error-to-meet-target	0
2076	find-the-largest-area-of-square-inside-two-rectangles	1
2078	find-minimum-time-to-finish-all-jobs-ii	0
2079	construct-string-from-binary-tree	0
2080	rectangle-area-ii	0
2081	longest-repeating-substring	0
2082	sort-by	1
2084	slowest-key	0
2086	groups-of-special-equivalent-strings	0
2087	minimum-path-cost-in-a-grid	0
2088	countries-you-can-safely-invest-in	0
2089	largest-1-bordered-square	0
2090	similar-string-groups	0
2091	maximum-score-from-removing-stones	0
2093	student-attendance-record-ii	0
2094	find-beautiful-indices-in-the-given-array-i	1
2095	difference-between-element-sum-and-digit-sum-of-an-array	0
2096	implement-queue-using-stacks	0
2097	new-21-game	0
2098	count-substrings-that-can-be-rearranged-to-contain-a-string-i	0
2099	longest-substring-of-one-repeating-character	0
2100	rotated-digits	0
2101	count-substrings-with-only-one-distinct-letter	0
2102	subarrays-with-xor-at-least-k	0
2103	integer-replacement	0
2105	clumsy-factorial	0
2106	arranging-coins	0
2107	count-pairs-of-equal-substrings-with-minimum-difference	0
2108	house-robber	0
2109	group-by	0
2110	find-first-palindromic-string-in-the-array	0
2111	find-products-of-elements-of-big-array	0
2112	find-the-number-of-distinct-colors-among-the-balls	0
2113	minimum-number-of-days-to-disconnect-island	0
2114	adjacent-increasing-subarrays-detection-i	0
2115	longest-cycle-in-a-graph	0
2116	find-indices-of-stable-mountains	0
2117	apply-operations-to-make-string-empty	0
2118	maximize-greatness-of-an-array	0
2119	number-of-sub-arrays-with-odd-sum	0
2120	maximum-element-after-decreasing-and-rearranging	0
2121	maximum-number-of-potholes-that-can-be-fixed	0
2123	self-dividing-numbers	0
2124	water-bottles	0
2125	generate-a-string-with-characters-that-have-odd-counts	0
2127	diagonal-traverse	0
2129	minimum-suffix-flips	0
2130	maximum-number-of-achievable-transfer-requests	0
2131	convert-date-to-binary	0
2132	longest-substring-with-at-most-two-distinct-characters	0
2133	sum-of-beauty-in-the-array	0
2134	get-biggest-three-rhombus-sums-in-a-grid	0
2135	check-if-a-string-is-a-valid-sequence-from-root-to-leaves-path-in-a-binary-tree	0
2136	design-parking-system	0
2137	sum-of-digits-of-string-after-convert	0
2138	validate-ip-address	0
2139	find-smallest-common-element-in-all-rows	0
2140	greatest-common-divisor-traversal	0
2141	number-of-effective-subsequences	0
2142	eliminate-maximum-number-of-monsters	0
2143	substring-matching-pattern	0
2144	logical-or-of-two-binary-grids-represented-as-quad-trees	1
2145	lexicographical-numbers	0
2146	event-emitter	1
2148	check-if-all-the-integers-in-a-range-are-covered	0
2149	minimum-cost-of-buying-candies-with-discount	0
2151	transpose-matrix	0
2152	weighted-word-mapping	0
2153	count-pairs-whose-sum-is-less-than-target	0
2154	shift-distance-between-two-strings	0
2155	generate-parentheses	0
2156	recover-binary-search-tree	0
2157	minimum-speed-to-arrive-on-time	0
2158	resulting-string-after-adjacent-removals	0
2159	convert-doubly-linked-list-to-array-i	1
2160	range-product-queries-of-powers	1
2161	maximum-length-substring-with-two-occurrences	0
2162	find-the-level-of-tree-with-minimum-sum	0
2163	finding-the-number-of-visible-mountains	0
2164	longest-substring-without-repeating-characters	0
2165	squirrel-simulation	0
2166	find-the-lexicographically-largest-string-from-the-box-ii	0
2168	path-crossing	0
2169	implement-trie-ii-prefix-tree	1
2170	valid-parenthesis-string	0
2171	get-equal-substrings-within-budget	0
2173	ugly-number-ii	0
2174	convert-doubly-linked-list-to-array-ii	1
2175	search-a-2d-matrix-ii	0
2176	total-distance-traveled	1
2178	permutations	0
2179	course-schedule-iii	0
2180	clone-binary-tree-with-random-pointer	1
2181	maximum-fruits-harvested-after-at-most-k-steps	0
2182	check-if-the-sentence-is-pangram	0
2183	earliest-second-to-mark-indices-ii	0
2185	minimum-difficulty-of-a-job-schedule	0
2186	stone-game	0
2187	maximum-total-area-occupied-by-pistons	0
2188	minimum-amount-of-time-to-fill-cups	1
2189	find-nearest-point-that-has-the-same-x-or-y-coordinate	0
2190	maximum-distance-between-unequal-words-in-array-ii	0
2191	find-minimum-in-rotated-sorted-array-ii	0
2192	sentence-similarity	0
2193	guess-the-number-using-bitwise-questions-ii	1
2194	smallest-number-with-given-digit-product	0
2195	minimum-time-to-make-rope-colorful	0
2196	once-twice	0
2197	count-substrings-without-repeating-character	0
2198	largest-subarray-length-k	0
2199	two-letter-card-game	0
2200	largest-substring-between-two-equal-characters	0
2201	power-of-heroes	0
2202	to-lower-case	0
2203	find-the-number-of-good-pairs-ii	0
2205	make-lexicographically-smallest-array-by-swapping-elements	0
2206	compute-alternating-sum	0
2207	fancy-sequence	0
2208	check-if-array-is-sorted-and-rotated	0
2209	query-kth-smallest-trimmed-number	0
2210	sum-of-absolute-differences-in-a-sorted-array	0
2211	string-compression	0
2212	put-marbles-in-bags	0
2213	minimum-space-wasted-from-packaging	0
2214	last-moment-before-all-ants-fall-out-of-a-plank	0
2215	cutting-ribbons	0
2216	jewels-and-stones	0
2217	find-maximum-number-of-non-intersecting-substrings	0
2218	ant-on-the-boundary	0
2219	the-k-weakest-rows-in-a-matrix	1
2220	find-the-k-beauty-of-a-number	1
2221	find-common-characters	0
2222	smallest-subtree-with-all-the-deepest-nodes	0
2223	closest-prime-numbers-in-range	0
2224	number-of-equivalent-domino-pairs	0
2226	maximum-total-importance-of-roads	0
2227	palindrome-number	0
2228	find-the-largest-palindrome-divisible-by-k	0
2229	determine-if-a-cell-is-reachable-at-a-given-time	0
2230	longest-continuous-increasing-subsequence	0
2232	minimize-string-length	0
2233	two-sum-ii-input-array-is-sorted	0
2234	monotone-increasing-digits	0
2235	count-good-numbers	0
2236	convert-number-words-to-digits	0
2237	find-the-lexicographically-largest-string-from-the-box-i	0
2238	minimum-window-substring	0
2239	count-of-integers	0
2240	path-with-maximum-minimum-value	0
2241	maximum-vacation-days	0
2242	number-of-perfect-pairs	0
2243	max-value-of-equation	0
2245	remove-all-ones-with-row-and-column-flips	0
2247	maximum-k-to-sort-a-permutation	0
2248	minimum-relative-loss-after-buying-chocolates	0
2249	check-if-number-is-a-sum-of-powers-of-three	0
2250	valid-word	0
2251	largest-rectangle-in-histogram	0
2252	n-queens	0
2254	maximum-and-sum-of-array	1
2256	make-array-non-decreasing	0
2257	count-complete-subarrays-in-an-array	0
2258	number-of-valid-words-for-each-puzzle	0
2259	count-anagrams	0
2261	append-k-integers-with-minimal-sum	0
2263	last-stone-weight-ii	0
2264	maximum-length-of-semi-decreasing-subarrays	0
2265	minimum-operations-to-make-array-elements-zero	0
2266	longest-common-prefix	0
2269	sqrtx	0
2270	maximum-possible-number-by-binary-concatenation	0
2271	zero-array-transformation-i	0
2272	maximum-containers-on-a-ship	0
2273	next-special-palindrome-number	0
2274	movement-of-robots	1
2275	number-of-provinces	0
2276	minimum-incompatibility	0
2277	edit-distance	0
2278	minimum-falling-path-sum	0
2279	find-lucky-integer-in-an-array	0
2281	construct-the-lexicographically-largest-valid-sequence	0
2282	palindrome-permutation	0
2283	moving-stones-until-consecutive	0
2284	minimize-maximum-value-in-a-grid	0
2285	merge-sorted-array	0
2286	count-days-spent-together	0
2287	minimum-cost-to-acquire-required-items	0
2288	count-complete-tree-nodes	0
2289	sum-of-numbers-with-units-digit-k	0
2290	sorted-gcd-pair-queries	0
2291	maximum-product-after-k-increments	1
2293	count-the-number-of-complete-components	0
2294	number-of-steps-to-reduce-a-number-to-zero	0
2295	disconnect-path-in-a-binary-matrix-by-at-most-one-flip	0
2296	count-the-number-of-fair-pairs	0
2297	coloring-a-border	0
2298	number-of-subsequences-with-odd-sum	0
2299	minimum-subarray-length-with-distinct-sum-at-least-k	0
2300	remove-outermost-parentheses	0
2301	find-the-number-of-subarrays-where-boundary-elements-are-maximum	0
2302	most-visited-sector-in-a-circular-track	0
2304	largest-3-same-digit-number-in-string	0
2305	number-of-senior-citizens	1
2307	sort-items-by-groups-respecting-dependencies	0
2309	buy-two-chocolates	0
2311	find-number-of-ways-to-reach-the-k-th-stair	0
2313	middle-of-the-linked-list	0
2314	final-prices-with-a-special-discount-in-a-shop	0
2315	building-h2o	1
2316	4sum	0
2318	count-pairs-in-two-arrays	0
2319	count-partitions-with-max-min-difference-at-most-k	0
2320	maximize-ysum-by-picking-a-triplet-of-distinct-xvalues	0
2322	double-modular-exponentiation	0
2323	generalized-abbreviation	0
2324	construct-string-with-minimum-cost-easy	0
2325	the-time-when-the-network-becomes-idle	0
2326	maximal-range-that-each-element-is-maximum-in-it	0
2327	intersection-of-three-sorted-arrays	0
2328	count-paths-that-can-form-a-palindrome-in-a-tree	0
2329	avoid-flood-in-the-city	0
2330	h-index-ii	0
2331	triangle	0
2333	count-elements-with-maximum-frequency	0
2334	basic-calculator-ii	0
2335	convert-callback-based-function-to-promise-based-function	1
2336	ternary-expression-parser	0
2337	minimum-time-to-complete-all-tasks	0
2340	minimum-pair-removal-to-sort-array-ii	0
2341	count-pairs-that-form-a-complete-day-ii	0
2342	sum-of-beauty-of-all-substrings	0
2343	grumpy-bookstore-owner	0
2344	maximum-number-of-groups-entering-a-competition	0
2345	accounts-merge	0
2346	maximum-score-using-exactly-k-pairs	0
2347	minimum-cuts-to-divide-a-circle	0
2348	number-of-ways-to-split-a-string	0
2349	circle-and-rectangle-overlapping	0
2350	check-if-matrix-is-x-matrix	0
2351	find-the-score-of-all-prefixes-of-an-array	0
2352	smallest-all-ones-multiple	0
2354	maximize-total-cost-of-alternating-subarrays	0
2355	filter-elements-from-array	0
2356	minimum-moves-to-equal-array-elements-ii	0
2357	largest-perimeter-triangle	0
2358	number-of-adjacent-elements-with-the-same-color	0
2359	reorder-data-in-log-files	0
2360	number-of-equal-numbers-blocks	1
2361	find-maximum-balanced-xor-subarray-length	0
2362	number-of-great-partitions	0
2363	multiply-two-polynomials	0
2364	distribute-candies-among-children-i	0
2365	partition-labels	0
2366	find-longest-special-substring-that-occurs-thrice-ii	0
2367	minimum-operations-to-make-numbers-non-positive	0
2368	binary-search-tree-to-greater-sum-tree	0
2369	find-the-sum-of-encrypted-integers	0
2370	sum-of-scores-of-built-strings	0
2371	closest-leaf-in-a-binary-tree	0
2372	largest-sum-of-averages	0
2373	maximum-number-of-occurrences-of-a-substring	0
2374	delete-node-in-a-linked-list	1
2375	kth-smallest-path-xor-sum	0
2378	cells-in-a-range-on-an-excel-sheet	1
2380	minimum-average-of-smallest-and-largest-elements	0
2382	maximum-length-of-subarray-with-positive-product	0
2383	minimum-operations-to-equalize-subarrays	0
2384	maximize-distance-to-closest-person	0
2385	palindrome-permutation-ii	0
2386	longest-zigzag-path-in-a-binary-tree	0
2388	shortest-distance-to-a-character	0
2389	check-if-string-is-decomposable-into-value-equal-substrings	0
2390	memoize	0
2391	calculate-amount-paid-in-taxes	0
2392	find-the-largest-almost-missing-integer	0
2393	design-log-storage-system	0
2395	number-of-longest-increasing-subsequence	0
2397	lowest-common-ancestor-of-a-binary-search-tree	1
2398	smallest-number-in-infinite-set	0
2399	hamming-distance	0
2400	minimum-cost-to-set-cooking-time	0
2401	allow-one-function-call	1
2402	put-boxes-into-the-warehouse-i	0
2403	count-nice-pairs-in-an-array	0
2404	design-an-atm-machine	0
2405	maximum-points-in-an-archery-competition	0
2406	subarray-sums-divisible-by-k	0
2407	create-object-from-two-arrays	0
2408	apply-bitwise-operations-to-make-strings-equal	0
2409	minimum-deletions-to-make-character-frequencies-unique	0
2410	number-of-steps-to-reduce-a-number-in-binary-representation-to-one	0
2411	maximum-number-of-upgradable-servers	0
2412	maximum-number-of-subsequences-after-one-inserting	0
2413	maximum-height-of-a-triangle	0
2414	find-a-safe-walk-through-a-grid	1
2415	height-of-special-binary-tree	0
2416	maximum-of-minimum-values-in-all-subarrays	0
2417	minimum-partition-score	0
2418	maximum-depth-of-binary-tree	0
2419	decode-ways-ii	0
2421	remove-duplicates-from-sorted-list-ii	0
2422	make-a-square-with-the-same-color	0
2423	function-composition	0
2424	sum-of-special-evenly-spaced-elements-in-array	0
2425	merge-two-sorted-lists	0
2427	special-array-i	0
2428	print-zero-even-odd	1
2429	robot-bounded-in-circle	0
2430	split-array-into-fibonacci-sequence	0
2431	distribute-candies-to-people	0
2432	diagonal-traverse-ii	0
2433	minimum-flips-in-binary-tree-to-get-result	0
2434	maximum-balanced-shipments	0
2435	longest-duplicate-substring	0
2436	orderly-queue	0
2438	count-of-substrings-containing-every-vowel-and-k-consonants-ii	0
2439	maximum-total-damage-with-spell-casting	0
2441	evaluate-reverse-polish-notation	0
2442	process-tasks-using-servers	0
2444	richest-customer-wealth	0
2445	longest-semi-repeating-subarray	1
2446	design-circular-queue	1
2447	minimum-number-of-valid-strings-to-form-target-ii	0
2448	number-of-divisible-substrings	0
2449	maximum-value-sum-by-placing-three-rooks-ii	0
2450	choose-edges-to-maximize-score-in-a-tree	0
2451	number-of-good-leaf-nodes-pairs	0
2452	add-minimum-number-of-rungs	1
2453	remove-digit-from-number-to-maximize-result	0
2454	consecutive-characters	0
2455	set-intersection-size-at-least-two	0
2456	longest-palindrome-by-concatenating-two-letter-words	0
2457	number-of-days-between-two-dates	0
2458	prime-subtraction-operation	0
2459	check-if-an-original-string-exists-given-two-encoded-strings	0
2460	maximum-score-from-removing-substrings	0
2461	count-paths-with-the-given-xor-value	0
2462	smallest-divisible-digit-product-ii	0
2463	fizz-buzz	0
2464	sum-of-all-odd-length-subarrays	0
2465	maximum-score-from-grid-operations	0
2466	last-remaining-integer-after-alternating-deletion-operations	0
2467	minimum-time-to-break-locks-i	0
2468	number-of-subarrays-with-gcd-equal-to-k	0
2469	reverse-prefix-of-word	0
2471	open-the-lock	0
2473	equal-sum-grid-partition-ii	0
2475	beautiful-towers-i	0
2476	find-the-sequence-of-strings-appeared-on-the-screen	0
2477	majority-element	0
2478	absolute-difference-between-maximum-and-minimum-k-elements	0
2479	count-triplets-with-even-xor-set-bits-ii	0
2481	find-the-distance-value-between-two-arrays	0
2483	number-of-laser-beams-in-a-bank	0
2484	check-if-a-string-can-break-another-string	0
2486	odd-even-jump	0
2487	the-maze	0
2488	capitalize-the-title	0
2489	range-frequency-queries	1
2490	reduce-array-size-to-the-half	0
2491	construct-quad-tree	1
2492	minimum-steps-to-convert-string-with-operations	0
2493	largest-unique-number	0
2494	maximum-gap	0
2495	number-of-rectangles-that-can-form-the-largest-square	0
2497	longest-subsequence-with-limited-sum	0
2498	find-the-longest-semi-repetitive-substring	0
2500	longest-palindromic-path-in-graph	0
2501	add-to-array-form-of-integer	0
2502	maximum-69-number	0
2503	ugly-number-iii	0
2504	minimum-cost-to-split-an-array	0
2505	find-kth-largest-xor-coordinate-value	0
2506	binary-search	0
2507	brightest-position-on-street	0
2508	remove-element	0
2509	minimum-swaps-to-make-strings-equal	0
2511	max-sum-of-a-pair-with-equal-sum-of-digits	0
2513	palindromic-substrings	0
2514	furthest-point-from-origin	0
2515	critical-connections-in-a-network	1
2516	design-video-sharing-platform	1
2517	maximize-the-profit-as-the-salesman	0
2518	minimum-operations-to-exceed-threshold-value-i	0
2519	least-operators-to-express-number	0
2520	perfect-rectangle	0
2521	word-squares	0
2523	top-k-frequent-words	0
2525	toss-strange-coins	0
2526	find-all-possible-stable-binary-arrays-i	0
2527	closest-dessert-cost	0
2528	minimum-unique-word-abbreviation	0
2529	132-pattern	0
2533	dinner-plate-stacks	0
2534	combinations	0
2535	sum-of-digits-in-base-k	0
2536	minimum-cost-to-equalize-array	0
2537	range-addition-ii	0
2538	find-a-good-subset-of-the-matrix	0
2539	minimum-sum-of-squared-difference	0
2541	make-costs-of-paths-equal-in-a-binary-tree	0
2542	design-twitter	0
2543	make-two-arrays-equal-by-reversing-subarrays	0
2544	longest-univalue-path	0
2545	split-a-string-in-balanced-strings	0
2546	frog-position-after-t-seconds	0
2547	find-the-original-typed-string-ii	0
2548	equal-row-and-column-pairs	1
2551	max-pair-sum-in-an-array	0
2552	best-time-to-buy-and-sell-stock-with-cooldown	0
2553	binary-tree-postorder-traversal	0
2554	remove-methods-from-project	0
2555	find-the-k-sum-of-an-array	0
2556	sort-threats-by-severity-and-exploitability	0
2557	minimum-number-of-operations-to-make-array-xor-equal-to-k	1
2559	find-beautiful-indices-in-the-given-array-ii	1
2560	compute-decimal-representation	0
2561	odd-even-linked-list	0
2562	print-binary-tree	0
2563	sort-the-students-by-their-kth-score	0
2564	maximum-star-sum-of-a-graph	0
2565	distribute-elements-into-two-arrays-ii	0
2566	longest-nice-substring	0
2567	partition-array-into-k-distinct-groups	0
2568	map-of-highest-peak	0
2569	plates-between-candles	0
2570	find-bottom-left-tree-value	0
2571	minimum-number-of-taps-to-open-to-water-a-garden	0
2573	minimize-the-maximum-adjacent-element-difference	0
2574	four-divisors	0
2575	smallest-absent-positive-greater-than-average	0
2576	split-and-merge-array-transformation	1
2577	longest-palindromic-subsequence-after-at-most-k-operations	0
2580	reverse-string-ii	0
2581	subrectangle-queries	0
2582	find-two-non-overlapping-sub-arrays-each-with-target-sum	0
2583	pairs-of-songs-with-total-durations-divisible-by-60	0
2584	remove-stones-to-minimize-the-total	1
2585	truncate-sentence	0
2587	sort-even-and-odd-indices-independently	0
2588	largest-number-at-least-twice-of-others	0
2589	3sum-with-multiplicity	0
2590	ways-to-split-array-into-good-subarrays	0
2591	game-of-nim	1
2592	two-sum	0
2593	binary-tree-zigzag-level-order-traversal	0
2594	sum-of-k-mirror-numbers	1
2595	integer-to-english-words	0
2596	grid-teleportation-traversal	0
2597	sum-of-two-integers	0
2599	number-of-arithmetic-triplets	0
2600	find-the-number-of-ways-to-place-people-i	1
2601	find-subtree-sizes-after-changes	0
2602	maximum-product-of-three-elements-after-one-replacement	1
2603	check-knight-tour-configuration	0
2604	time-needed-to-inform-all-employees	0
2605	single-number-ii	0
2606	number-of-equal-count-substrings	0
2607	minimum-time-to-break-locks-ii	1
2609	snake-in-matrix	0
2610	special-positions-in-a-binary-matrix	0
2611	design-hashmap	0
2612	knight-probability-in-chessboard	0
2613	jump-game-iv	0
2614	cut-off-trees-for-golf-event	0
2615	rings-and-rods	0
2616	the-maze-iii	1
2617	grid-illumination	0
2618	minimum-total-operations	0
2619	minimize-xor	0
2620	the-latest-time-to-catch-a-bus	0
2621	minimum-operations-to-exceed-threshold-value-ii	0
2622	evaluate-the-bracket-pairs-of-a-string	0
2623	subsets	0
2624	minimum-operations-to-make-a-subsequence	0
2625	greatest-english-letter-in-upper-and-lower-case	0
2626	flip-game	0
2627	rotate-image	0
2628	minimum-array-length-after-pair-removals	0
2629	minimum-adjacent-swaps-to-make-a-valid-array	0
2630	minimum-number-of-days-to-eat-n-oranges	0
2632	number-of-increasing-paths-in-a-grid	0
2634	longest-word-in-dictionary	0
2636	median-of-two-sorted-arrays	0
2637	apply-operations-on-array-to-maximize-sum-of-squares	0
2638	decoded-string-at-index	0
2639	longest-binary-subsequence-less-than-or-equal-to-k	0
2640	find-winner-on-a-tic-tac-toe-game	0
2641	minimize-connected-groups-by-inserting-interval	1
2642	insert-interval	0
2643	minimize-the-maximum-edge-weight-of-graph	0
2644	escape-the-ghosts	0
2645	ugly-number	0
2647	power-of-two	0
2648	minimum-moves-to-clean-the-classroom	0
2650	flatten-2d-vector	0
2651	subdomain-visit-count	0
2652	walking-robot-simulation-ii	1
2653	watering-plants-ii	0
2654	number-of-pairs-of-interchangeable-rectangles	0
2656	longest-strictly-increasing-or-strictly-decreasing-subarray	0
2658	campus-bikes-ii	0
2659	verbal-arithmetic-puzzle	0
2660	longest-word-with-all-prefixes	0
2661	number-of-self-divisible-permutations	1
2662	find-unique-binary-string	0
2663	shortest-impossible-sequence-of-rolls	0
2664	count-the-number-of-ideal-arrays	0
2665	maximum-linear-stock-score	0
2666	24-game	1
2667	special-permutations	1
2668	minimum-score-by-changing-two-elements	0
2669	second-minimum-node-in-a-binary-tree	0
2670	flatten-nested-list-iterator	1
2671	fraction-to-recurring-decimal	0
2672	arithmetic-subarrays	0
2673	best-time-to-buy-and-sell-stock-ii	0
2674	design-a-3d-binary-matrix-with-efficient-layer-tracking	1
2675	stone-game-v	0
2676	linked-list-in-binary-tree	0
2677	line-reflection	0
2678	minimum-absolute-sum-difference	0
2679	all-paths-from-source-to-target	0
2680	minimum-jumps-to-reach-home	0
2681	find-the-town-judge	0
2682	number-of-pairs-of-strings-with-concatenation-equal-to-target	0
2683	maximum-font-to-fit-a-sentence-in-a-screen	1
2684	destroy-sequential-targets	0
2685	maximum-area-of-a-piece-of-cake-after-horizontal-and-vertical-cuts	0
2686	super-washing-machines	0
2687	minimum-length-of-string-after-operations	0
2688	flip-string-to-monotone-increasing	0
2689	solving-questions-with-brainpower	0
2690	maximum-profit-in-job-scheduling	0
2691	maximum-number-of-events-that-can-be-attended-ii	0
2692	check-if-object-instance-of-class	1
2693	array-wrapper	0
2694	number-complement	0
2695	minimum-deletions-for-at-most-k-distinct-characters	0
2696	decremental-string-concatenation	0
2697	building-boxes	0
2699	maximum-sum-with-exactly-k-elements	0
2700	median-of-a-binary-search-tree-level	0
2702	reconstruct-itinerary	0
2703	reorder-routes-to-make-all-paths-lead-to-the-city-zero	0
2704	sum-root-to-leaf-numbers	0
2705	count-number-of-ways-to-place-houses	0
2706	next-day	0
2707	flipping-an-image	0
2708	snail-traversal	0
2709	my-calendar-iii	0
2710	promise-pool	1
2711	time-taken-to-cross-the-door	0
2712	minimum-cost-to-buy-apples	1
2713	choose-k-elements-with-maximum-sum	0
2714	minimum-number-of-arrows-to-burst-balloons	0
2715	the-k-th-lexicographical-string-of-all-happy-strings-of-length-n	0
2716	remove-linked-list-elements	0
2717	hexspeak	0
2718	number-of-centered-subarrays	0
2719	find-n-unique-integers-sum-up-to-zero	0
2721	minimum-deletion-cost-to-make-all-characters-equal	0
2722	flip-binary-tree-to-match-preorder-traversal	0
2723	evaluate-boolean-binary-tree	0
2724	maximum-sum-of-distinct-subarrays-with-length-k	0
2725	using-a-robot-to-print-the-lexicographically-smallest-string	0
2726	pour-water	0
2727	minimum-swaps-to-make-sequences-increasing	0
2729	maximum-matching-of-players-with-trainers	0
2730	probability-of-a-two-boxes-having-the-same-number-of-distinct-balls	0
2731	range-sum-query-mutable	0
2732	merge-adjacent-equal-elements	0
2733	maximum-split-of-positive-even-integers	0
2734	decode-xored-array	0
2735	number-of-enclaves	0
2737	minimum-cost-of-a-path-with-special-roads	0
2739	sum-of-good-subsequences	0
2740	curry	0
2741	kth-largest-element-in-a-stream	0
2742	find-the-longest-valid-obstacle-course-at-each-position	0
2743	count-positions-on-street-with-required-brightness	0
2744	count-special-quadruplets	0
2745	closest-binary-search-tree-value	0
2746	count-valid-paths-in-a-tree	0
2747	zigzag-grid-traversal-with-skip	0
2748	add-two-numbers-ii	0
2749	number-of-ways-to-split-array	0
2750	koko-eating-bananas	0
2751	wiggle-subsequence	0
2752	kth-smallest-number-in-multiplication-table	0
2753	longest-substring-with-at-least-k-repeating-characters	0
2754	number-of-zigzag-arrays-i	0
2755	break-a-palindrome	0
2756	find-original-array-from-doubled-array	0
2757	minimum-time-to-kill-all-monsters	0
2759	maximum-number-of-darts-inside-of-a-circular-dartboard	0
2760	partition-array-for-maximum-xor-and-and	0
2761	binary-watch	0
2762	number-of-substrings-containing-all-three-characters	0
2763	bitwise-or-of-even-numbers-in-an-array	0
2764	stone-game-iv	0
2765	k-th-smallest-in-lexicographical-order	0
2766	prime-in-diagonal	0
2767	string-compression-iii	1
2768	graph-valid-tree	0
2769	count-triplets-with-even-xor-set-bits-i	0
2770	length-of-longest-v-shaped-diagonal-segment	0
2771	sell-diminishing-valued-colored-balls	0
2772	smallest-string-with-a-given-numeric-value	0
2773	distribute-coins-in-binary-tree	0
2774	construct-binary-tree-from-preorder-and-postorder-traversal	0
2775	find-missing-and-repeated-values	1
2776	minimum-operations-to-make-a-uni-value-grid	0
2777	remove-all-adjacent-duplicates-in-string	0
2778	scramble-string	0
2779	decode-xored-permutation	0
2780	distribute-candies	0
2781	check-if-dfs-strings-are-palindromes	0
2782	split-with-minimum-sum	1
2784	largest-prime-from-consecutive-prime-sum	0
2785	count-prefix-and-suffix-pairs-i	0
2786	longest-strictly-increasing-subsequence-with-non-zero-bitwise-and	0
2787	move-pieces-to-obtain-a-string	0
2788	minimum-obstacle-removal-to-reach-corner	1
2789	number-of-good-ways-to-split-a-string	0
2790	count-collisions-of-monkeys-on-a-polygon	0
2791	minimum-operations-to-make-binary-array-elements-equal-to-one-ii	0
2793	lfu-cache	1
2794	all-possible-full-binary-trees	0
2796	the-number-of-beautiful-subsets	0
2797	get-maximum-in-generated-array	0
2798	number-of-subarrays-that-match-a-pattern-i	0
2799	count-increasing-quadruplets	0
2800	find-median-from-data-stream	0
2801	count-odd-letters-from-number	0
2803	difference-of-number-of-distinct-values-on-diagonals	0
2804	prime-palindrome	0
2805	mark-elements-on-array-by-performing-queries	0
2806	count-nodes-with-the-highest-score	0
2808	maximize-active-section-with-trade-i	0
2809	unique-number-of-occurrences	0
2810	maximize-win-from-two-segments	0
2812	max-difference-you-can-get-from-changing-an-integer	0
2813	number-of-visible-people-in-a-queue	0
2814	design-neighbor-sum-service	0
2815	long-pressed-name	0
2817	consecutive-numbers-sum	0
2818	sum-of-subarray-ranges	0
2819	tweet-counts-per-frequency	0
2820	remove-zeros-in-decimal-representation	0
2821	clone-n-ary-tree	0
2822	reshape-the-matrix	0
2823	range-module	0
2824	sum-of-floored-pairs	0
2825	find-x-value-of-array-ii	0
2826	string-without-aaa-or-bbb	0
2828	json-deep-equal	0
2829	time-based-key-value-store	0
2830	max-consecutive-ones	0
2831	minimum-operations-to-make-binary-array-elements-equal-to-one-i	0
2833	rearrange-spaces-between-words	0
2834	binary-tree-vertical-order-traversal	0
2835	largest-number-after-digit-swaps-by-parity	0
2836	find-the-derangement-of-an-array	0
2837	alternating-digit-sum	0
2838	walking-robot-simulation	0
2839	count-nodes-that-are-great-enough	0
2840	add-bold-tag-in-string	0
2841	gcd-of-odd-and-even-sums	0
2842	check-if-two-expression-trees-are-equivalent	1
2843	make-array-zero-by-subtracting-equal-amounts	0
2844	employee-importance	1
2845	largest-merge-of-two-strings	0
2847	longest-mountain-in-array	0
2848	decrease-elements-to-make-array-zigzag	0
2849	count-the-number-of-houses-at-a-certain-distance-i	0
2850	maximize-score-after-pair-deletions	0
2851	minimum-sum-of-mountain-triplets-ii	0
2852	number-of-valid-words-in-a-sentence	0
2853	minimum-reverse-operations	0
2854	longest-common-prefix-of-k-strings-after-removal	0
2855	counter-ii	0
2856	maximize-number-of-nice-divisors	0
2857	set-mismatch	0
2858	find-k-th-smallest-pair-distance	0
2859	car-fleet	0
2860	minimum-time-to-visit-disappearing-nodes	0
2861	number-of-distinct-substrings-in-a-string	0
2862	minimum-time-to-make-array-sum-at-most-x	0
2863	number-of-corner-rectangles	0
2864	keyboard-row	0
2865	describe-the-painting	0
2866	minimum-one-bit-operations-to-make-integers-zero	0
2867	minimum-number-of-operations-to-sort-a-binary-tree-by-level	0
2868	minimum-moves-to-convert-string	0
2869	put-boxes-into-the-warehouse-ii	0
2871	maximum-total-reward-using-operations-ii	0
2872	to-be-or-not-to-be	1
2873	car-pooling	0
2874	maximum-tastiness-of-candy-basket	0
2875	smallest-integer-divisible-by-k	0
2876	design-bitset	1
2877	complete-binary-tree-inserter	1
2878	cherry-pickup	0
2879	nth-digit	0
2880	length-of-the-longest-increasing-path	0
2881	distribute-elements-into-two-arrays-i	0
2882	maximum-average-subarray-ii	0
2883	number-of-ways-to-reach-a-position-after-exactly-k-steps	0
2884	can-i-win	0
2885	find-the-number-of-possible-ways-for-an-event	0
2886	count-sub-islands	0
2887	maximum-product-of-two-elements-in-an-array	0
2888	count-subarrays-with-median-k	0
2889	number-of-possible-sets-of-closing-branches	0
2890	most-common-word	0
2891	flood-fill	0
2892	phone-number-prefix	0
2893	partition-array-into-two-arrays-to-minimize-sum-difference	0
2895	word-ladder-ii	0
2896	design-sql	0
2897	camelcase-matching	0
2898	split-a-circular-linked-list	1
2901	reverse-pairs	0
2902	find-the-longest-equal-subarray	0
2903	check-if-one-string-swap-can-make-strings-equal	0
2904	valid-sudoku	0
2905	license-key-formatting	0
2906	second-largest-digit-in-a-string	0
2907	distinct-subsequences	0
2908	maximum-rows-covered-by-columns	0
2909	find-latest-group-of-size-m	0
2910	most-popular-video-creator	0
2911	closest-binary-search-tree-value-ii	0
2912	duplicate-zeros	0
2913	invert-binary-tree	0
2914	count-number-of-distinct-integers-after-reverse-operations	0
2915	decode-string	0
2916	minimum-weighted-subgraph-with-the-required-paths-ii	0
2917	similar-rgb-color	0
2918	find-edges-in-shortest-paths	0
2919	minimum-time-to-collect-all-apples-in-a-tree	0
2920	day-of-the-week	1
2922	find-minimum-operations-to-make-all-elements-divisible-by-three	0
2923	minimum-jumps-to-reach-end-via-prime-teleportation	0
2924	minimized-maximum-of-products-distributed-to-any-store	0
2925	read-n-characters-given-read4-ii-call-multiple-times	1
2926	minimum-cost-to-divide-array-into-subarrays	0
2927	find-sum-of-array-product-of-magical-sequences	0
2929	minimum-distance-between-bst-nodes	0
2930	minimum-score-after-removals-on-a-tree	1
2931	minimum-number-of-operations-to-make-array-continuous	0
2932	minimum-time-to-repair-cars	0
2933	number-of-paths-with-max-score	0
2934	final-array-state-after-k-multiplication-operations-ii	0
2935	maximum-building-height	0
2936	reduction-operations-to-make-the-array-elements-equal	0
2937	jump-game-vi	0
2938	kth-smallest-element-in-a-bst	0
2940	permutation-sequence	0
2941	maximum-units-on-a-truck	0
2942	deep-merge-of-two-objects	0
2943	swap-nodes-in-pairs	0
2944	count-square-submatrices-with-all-ones	0
2945	longest-continuous-subarray-with-absolute-diff-less-than-or-equal-to-limit	0
2946	find-the-minimum-amount-of-time-to-brew-potions	0
2947	maximum-score-of-spliced-array	0
2948	make-sum-divisible-by-p	0
2949	minimum-cost-homecoming-of-a-robot-in-a-grid	0
2950	race-car	0
2951	minimum-operations-to-transform-array	0
2952	minimum-number-of-flips-to-make-binary-grid-palindromic-ii	0
2953	evaluate-boolean-expression	0
2954	number-of-ways-to-assign-edge-weights-i	0
2955	count-numbers-with-unique-digits-ii	0
2956	redundant-connection	0
2957	calculate-salaries	0
2958	minimum-number-of-operations-to-reinitialize-a-permutation	0
2959	remove-adjacent-almost-equal-characters	0
2960	count-the-number-of-powerful-integers	0
2961	add-two-integers	0
2964	maximum-xor-with-an-element-from-array	0
2965	assign-elements-to-groups-with-constraints	0
2966	maximum-score-words-formed-by-letters	0
2967	cyclically-rotating-a-grid	0
2968	peeking-iterator	1
2969	remove-k-digits	0
2970	number-of-subarrays-with-bounded-maximum	0
2973	find-all-groups-of-farmland	0
2974	maximum-sum-obtained-of-any-permutation	0
2975	range-sum-query-immutable	0
2976	find-the-integer-added-to-array-i	0
2977	apply-discount-to-prices	0
2978	maximum-profit-of-operating-a-centennial-wheel	0
2979	winner-of-the-linked-list-game	0
2980	find-the-number-of-winning-players	1
2981	number-of-subarrays-with-and-value-of-k	0
2982	max-chunks-to-make-sorted-ii	0
2983	super-pow	0
2984	alternating-groups-ii	0
2985	shortest-path-to-get-food	0
2986	find-the-losers-of-the-circular-game	0
2988	number-of-beautiful-pairs	1
2989	best-poker-hand	1
2990	maximize-consecutive-elements-in-an-array-after-modification	0
2991	number-of-sets-of-k-non-overlapping-line-segments	0
2992	maximum-sum-of-three-numbers-divisible-by-three	0
2993	surrounded-regions	0
2994	one-edit-distance	0
2995	find-the-count-of-monotonic-pairs-i	0
2996	make-three-strings-equal	0
2997	find-number-of-coins-to-place-in-tree-nodes	0
2998	minimum-number-of-seconds-to-make-mountain-height-zero	1
2999	bitwise-and-of-numbers-range	0
3000	pizza-with-3n-slices	0
3001	ways-to-split-array-into-three-subarrays	0
3002	smallest-value-after-replacing-with-sum-of-prime-factors	0
3004	find-subarray-with-bitwise-or-closest-to-k	0
3006	find-the-maximum-number-of-marked-indices	0
3008	minimum-lines-to-represent-a-line-chart	1
3009	minimum-increment-operations-to-make-array-beautiful	0
3010	amount-of-time-for-binary-tree-to-be-infected	0
3011	minimum-time-to-transport-all-individuals	0
3012	maximize-sum-of-squares-of-digits	1
3013	longest-increasing-subsequence	0
3014	binary-tree-tilt	0
3015	length-of-the-longest-valid-substring	0
3016	rank-transform-of-an-array	0
3017	powerful-integers	0
3019	repeat-string	0
3020	second-minimum-time-to-reach-destination	1
3021	constrained-subsequence-sum	0
3022	implement-router	1
3023	spiral-matrix-ii	0
3024	palindrome-partitioning-ii	0
3025	optimal-account-balancing	0
3027	maximum-absolute-sum-of-any-subarray	0
3028	minimize-max-distance-to-gas-station	0
3029	eat-pizzas	0
3030	contain-virus	0
3031	largest-plus-sign	0
3032	find-missing-observations	0
3033	minimum-operations-to-make-array-equal-ii	0
3034	find-shortest-path-with-k-hops	0
3035	count-the-number-of-k-big-indices	1
3036	unit-conversion-i	0
3037	web-crawler-multithreaded	1
3038	intersection-of-two-arrays-ii	0
3039	interval-cancellation	1
3040	sender-with-largest-word-count	0
3041	make-array-strictly-increasing	0
3042	lexicographically-smallest-permutation-greater-than-target	0
3043	length-of-last-word	0
3045	bitwise-or-of-all-subsequence-sums	0
3046	minimum-number-of-operations-to-move-all-balls-to-each-box	0
3047	path-sum-ii	0
3048	maximum-transactions-without-negative-balance	0
3049	minimizing-array-after-replacing-pairs-with-their-product	0
3050	check-if-all-1s-are-at-least-length-k-places-away	0
3051	type-of-triangle	0
3052	count-symmetric-integers	0
3053	subarray-product-less-than-k	0
3054	map-sum-pairs	0
3055	replace-all-s-to-avoid-consecutive-repeating-characters	0
3056	insert-delete-getrandom-o1	1
3057	minimum-skips-to-arrive-at-meeting-on-time	0
3058	minimum-increment-to-make-array-unique	0
3059	minimum-domino-rotations-for-equal-row	0
3060	maximum-area-of-longest-diagonal-rectangle	0
3061	detect-cycles-in-2d-grid	0
3062	longest-non-decreasing-subarray-after-replacing-at-most-one-element	0
3063	binary-tree-level-order-traversal-ii	0
3064	maximum-subsequence-score	0
3065	strong-password-checker-ii	0
3066	count-the-number-of-vowel-strings-in-range	0
3067	maximum-square-area-by-removing-fences-from-a-field	0
3068	product-of-array-except-self	0
3069	rank-transform-of-a-matrix	0
3070	number-of-unique-good-subsequences	0
3071	minimum-time-visiting-all-points	0
3072	minimum-operations-to-make-the-array-k-increasing	0
3076	maximum-profitable-triplets-with-increasing-prices-i	1
3077	number-of-nodes-in-the-sub-tree-with-the-same-label	0
3078	baseball-game	0
3079	largest-component-size-by-common-factor	0
3080	minimum-substring-partition-of-equal-character-frequency	0
3081	maximum-xor-score-subarray-queries	0
3082	paint-fence	0
3083	print-immutable-linked-list-in-reverse	1
3084	magnetic-force-between-two-balls	0
3085	find-smallest-letter-greater-than-target	0
3086	count-number-of-teams	0
3087	stone-game-vi	0
3089	maximum-number-of-consecutive-values-you-can-make	0
3090	lexicographically-smallest-equivalent-string	0
3091	taking-maximum-energy-from-the-mystic-dungeon	0
3092	output-contest-matches	0
3093	search-in-a-sorted-array-of-unknown-size	1
3094	minimum-array-sum	1
3096	n-ary-tree-postorder-traversal	0
3097	largest-number-after-mutating-substring	0
3098	maximum-strictly-increasing-cells-in-a-matrix	0
3099	minimum-operations-to-make-a-special-number	1
3100	word-search	0
3101	optimal-partition-of-string	0
3102	minimum-operations-to-make-median-of-array-equal-to-k	0
3103	maximum-swap	0
3104	most-frequent-subtree-sum	0
3105	sum-of-consecutive-subarrays	1
3107	minimum-cost-to-reach-every-position	0
3108	sum-multiples	0
3109	immutability-helper	1
3111	minimize-the-maximum-of-two-arrays	1
3112	find-the-last-marked-nodes-in-tree	0
3114	find-servers-that-handled-most-number-of-requests	0
3115	occurrences-after-bigram	0
3116	count-the-number-of-computer-unlocking-permutations	0
3117	sum-of-nodes-with-even-valued-grandparent	0
3118	check-completeness-of-a-binary-tree	0
3119	bulb-switcher-ii	0
3120	check-if-it-is-a-good-array	0
3121	next-closest-time	0
3122	maximum-sum-bst-in-binary-tree	0
3123	alt-and-tab-simulation	0
3124	find-the-number-of-subsequences-with-equal-gcd	0
3125	minimum-operations-to-equalize-binary-string	0
3126	expression-add-operators	0
3128	maximum-score-after-applying-operations-on-a-tree	0
3129	remove-nodes-from-linked-list	1
3130	sort-characters-by-frequency	0
3131	keys-and-rooms	0
3132	maximize-sum-of-array-after-k-negations	0
3133	integer-to-roman	0
3134	subarray-with-elements-greater-than-varying-threshold	0
3135	parallel-courses-iii	0
3136	group-sold-products-by-the-date	0
3137	find-the-median-of-the-uniqueness-array	0
3138	find-longest-awesome-substring	0
3139	shortest-common-supersequence	0
3140	checking-existence-of-edge-length-limited-paths-ii	1
3141	maximum-number-of-integers-to-choose-from-a-range-ii	0
3142	find-mirror-score-of-a-string	0
3143	check-for-contradictions-in-equations	0
3144	maximum-matrix-sum	0
3145	sign-of-the-product-of-an-array	0
3146	minimum-number-of-operations-to-make-x-and-y-equal	0
3147	form-largest-integer-with-digits-that-add-up-to-target	0
3148	knight-dialer	0
3149	unique-email-addresses	0
3151	daily-temperatures	0
3152	number-of-unique-xor-triplets-ii	0
3153	binary-search-tree-iterator	0
3154	number-of-smooth-descent-periods-of-a-stock	0
3155	evaluate-division	0
3156	gray-code	0
3157	partition-string-into-minimum-beautiful-substrings	0
3158	the-wording-game	0
3160	trim-a-binary-search-tree	0
3163	count-submatrices-with-top-left-element-and-sum-less-than-k	0
3164	chunk-array	0
3165	lexicographically-smallest-string-after-operations-with-constraint	0
3166	score-after-flipping-matrix	0
3167	binary-number-with-alternating-bits	0
3168	design-hit-counter	0
3169	count-bowl-subarrays	0
3170	minimum-total-cost-to-make-arrays-unequal	0
3171	find-a-value-of-a-mysterious-function-closest-to-target	0
3173	shortest-word-distance	0
3174	reverse-substrings-between-each-pair-of-parentheses	0
3175	maximize-the-minimum-game-score	0
3176	maximum-twin-sum-of-a-linked-list	0
3177	path-existence-queries-in-a-graph-ii	0
3178	array-nesting	0
3180	check-if-any-element-has-prime-frequency	0
3181	power-grid-maintenance	0
3182	count-ways-to-build-rooms-in-an-ant-colony	0
3183	most-stones-removed-with-same-row-or-column	0
3184	number-of-ways-to-reconstruct-a-tree	0
3185	minimum-number-of-lines-to-cover-points	0
3186	palindrome-removal	0
3187	minimum-adjacent-swaps-for-k-consecutive-ones	0
3188	linked-list-cycle-ii	1
3189	parse-lisp-expression	0
3190	words-within-two-edits-of-dictionary	0
3191	maximum-frequency-of-an-element-after-performing-operations-ii	0
3193	delete-columns-to-make-sorted-iii	0
3194	transpose-file	0
3195	construct-the-minimum-bitwise-array-ii	0
3196	surface-area-of-3d-shapes	0
3197	diet-plan-performance	0
3198	binary-tree-cameras	0
3199	find-positive-integer-solution-for-a-given-equation	1
3200	apply-transform-over-each-element-in-array	0
3201	minimum-area-rectangle	0
3202	find-the-n-th-value-after-k-seconds	0
3203	minimum-total-space-wasted-with-k-resizing-operations	0
3205	longest-consecutive-sequence	0
3206	number-of-integers-with-popcount-depth-equal-to-k-i	0
3207	sequential-grid-path-cover	0
3208	basic-calculator-iv	0
3209	target-sum	0
3210	find-longest-special-substring-that-occurs-thrice-i	0
3212	remove-9	0
3213	make-array-elements-equal-to-zero	0
3214	making-a-large-island	0
3215	brace-expansion-ii	0
3217	partition-array-into-two-equal-product-subsets	0
3220	minimum-array-changes-to-make-differences-equal	0
3221	check-if-there-is-a-path-with-equal-number-of-0s-and-1s	0
3223	convert-1d-array-into-2d-array	0
3224	decrypt-string-from-alphabet-to-integer-mapping	0
3225	toggle-light-bulbs	1
3226	steps-to-make-array-non-decreasing	0
3227	exam-room	0
3228	ways-to-make-a-fair-array	0
3229	non-overlapping-intervals	0
3230	count-the-number-of-good-partitions	0
3231	minimum-sum-after-divisible-sum-deletions	0
3232	univalued-binary-tree	0
3233	maximum-capacity-within-budget	0
3234	maximum-product-difference-between-two-pairs	0
3235	maximum-score-after-binary-swaps	0
3236	online-majority-element-in-subarray	0
3237	delete-duplicate-folders-in-system	0
3238	change-minimum-characters-to-satisfy-one-of-three-conditions	0
3239	lexicographically-smallest-beautiful-string	0
3241	maximum-product-of-the-length-of-two-palindromic-subsequences	0
3242	maximize-the-minimum-powered-city	0
3243	maximum-energy-boost-from-two-drinks	0
3244	count-subarrays-with-cost-less-than-or-equal-to-k	0
3245	rearrange-array-to-maximize-prefix-score	0
3246	check-if-word-can-be-placed-in-crossword	0
3247	identify-the-largest-outlier-in-an-array	0
3248	rotate-list	0
3249	sequence-reconstruction	0
3250	count-of-range-sum	0
3251	maximum-number-of-equal-length-runs	0
3252	reaching-points	0
3253	min-cost-to-connect-all-points	0
3254	node-with-highest-edge-score	0
3255	find-the-longest-substring-containing-vowels-in-even-counts	0
3256	search-in-rotated-sorted-array	0
3257	minimum-number-of-groups-to-create-a-valid-assignment	0
3258	check-if-a-string-contains-all-binary-codes-of-size-k	0
3259	all-oone-data-structure	1
3261	maximum-frequency-of-an-element-after-performing-operations-i	0
3262	minimum-number-of-operations-to-make-arrays-similar	0
3263	path-in-zigzag-labelled-binary-tree	0
3265	check-array-formation-through-concatenation	0
3266	minimum-deletions-to-make-alternating-substring	0
3267	group-anagrams	0
3268	flip-game-ii	0
3270	best-meeting-point	0
3271	sort-the-jumbled-numbers	0
3272	delete-characters-to-make-fancy-string	0
3273	count-the-number-of-beautiful-subarrays	0
3274	array-of-doubled-pairs	0
3275	count-subarrays-of-length-three-with-a-condition	0
3276	maximum-width-of-binary-tree	0
3277	execution-of-all-suffix-instructions-staying-in-a-grid	0
3278	number-of-employees-who-met-the-target	0
3279	battleships-in-a-board	0
3280	k-diff-pairs-in-an-array	0
3281	minimize-the-maximum-difference-of-pairs	0
3283	add-strings	0
3284	maximum-number-of-pairs-in-array	0
3285	degree-of-an-array	0
3286	kth-largest-sum-in-a-binary-tree	1
3287	check-if-an-array-is-consecutive	0
3288	shortest-subarray-with-or-at-least-k-ii	0
3289	number-of-ways-to-buy-pens-and-pencils	0
3290	prison-cells-after-n-days	0
3291	minimum-number-of-removals-to-make-mountain-array	0
3292	maximum-bags-with-full-capacity-of-rocks	1
3293	recover-the-original-array	0
3294	maximize-the-beauty-of-the-garden	0
3295	leaf-similar-trees	0
3296	pyramid-transition-matrix	0
3297	minimum-time-to-complete-trips	0
3298	minimum-score-triangulation-of-polygon	0
3299	minimum-inversion-count-in-subarrays-of-fixed-length	0
3300	count-vowel-substrings-of-a-string	0
3301	bold-words-in-string	0
3302	row-with-maximum-ones	0
3304	create-target-array-in-the-given-order	0
3305	sort-list	0
3306	finding-mk-average	0
3308	k-th-nearest-obstacle-queries	1
3309	can-convert-string-in-k-moves	0
3310	largest-odd-number-in-string	0
3312	abbreviating-the-product-of-a-range	0
3313	faulty-keyboard	0
3315	number-of-valid-clock-times	0
3316	goat-latin	0
3318	cache-with-time-limit	0
3319	find-the-sum-of-the-power-of-all-subsequences	0
3320	domino-and-tromino-tiling	0
3322	custom-interval	0
3323	minimum-interval-to-include-each-query	0
3324	number-of-ways-to-paint-n-3-grid	0
3325	closest-nodes-queries-in-a-binary-search-tree	0
3327	ransom-note	0
3328	number-of-orders-in-the-backlog	0
3329	maximum-points-you-can-obtain-from-cards	0
3330	constructing-two-increasing-arrays	0
3331	largest-positive-integer-that-exists-with-its-negative	0
3332	longest-palindrome-after-substring-concatenation-ii	0
3333	three-divisors	0
3335	elements-in-array-after-removing-and-replacing-elements	0
3336	find-maximum-removals-from-source-string	0
3337	minimum-right-shifts-to-sort-the-array	0
3338	maximum-sum-of-an-hourglass	0
3339	sorting-the-sentence	0
3340	maximize-grid-happiness	1
3341	redundant-connection-ii	0
3342	maximum-gcd-sum-of-a-subarray	0
3344	maximum-manhattan-distance-after-k-changes	0
3345	make-k-subarray-sums-equal	0
3346	minimum-cost-for-tickets	0
3347	longest-special-path-ii	0
3348	missing-number	0
3349	minimum-deletions-to-make-string-k-special	0
3350	populating-next-right-pointers-in-each-node-ii	1
3351	minimum-operations-to-maximize-last-elements-in-arrays	0
3352	successful-pairs-of-spells-and-potions	0
3353	fair-distribution-of-cookies	0
3354	smallest-range-i	0
3355	number-of-good-pairs	0
3356	linked-list-frequency	0
3358	numbers-at-most-n-given-digit-set	1
3359	valid-word-square	0
3360	data-stream-as-disjoint-intervals	0
3361	maximal-network-rank	0
3362	find-critical-and-pseudo-critical-edges-in-minimum-spanning-tree	0
3363	latest-time-you-can-obtain-after-replacing-characters	1
3364	find-palindrome-with-fixed-length	0
3365	count-items-matching-a-rule	0
3366	length-of-longest-subarray-with-at-most-k-frequency	0
3367	count-array-pairs-divisible-by-k	0
3368	sum-of-total-strength-of-wizards	0
3369	digit-count-in-range	0
3370	maximum-good-subtree-score	0
3371	count-special-integers	0
3372	maximum-performance-of-a-team	0
3373	number-of-atoms	0
3374	mice-and-cheese	0
3375	sort-an-array	0
3376	binary-tree-pruning	0
3377	count-ways-to-group-overlapping-ranges	0
3379	best-time-to-buy-and-sell-stock-with-transaction-fee	0
3380	minimum-distance-between-three-equal-elements-i	0
3381	linked-list-cycle	0
3383	reverse-bits	0
3384	rotate-function	0
3385	largest-number	0
3386	largest-combination-with-bitwise-and-greater-than-zero	0
3387	verify-preorder-sequence-in-binary-search-tree	0
3388	binary-trees-with-factors	0
3389	sort-transformed-array	0
3390	find-the-number-of-good-pairs-i	0
3391	dota2-senate	0
3392	checking-existence-of-edge-length-limited-paths	0
3393	minimum-unlocked-indices-to-sort-nums	0
3394	kth-smallest-element-in-a-sorted-matrix	0
3395	twisted-mirror-path-count	0
3396	maximum-strong-pair-xor-ii	1
3397	remove-nth-node-from-end-of-list	0
3398	reverse-string	0
3399	binary-tree-level-order-traversal	0
3400	analyze-user-website-visit-pattern	0
3401	count-number-of-trapezoids-ii	0
3402	maximum-population-year	0
3403	good-indices-in-a-digit-string	0
3404	minimum-number-of-pushes-to-type-word-i	0
3405	guess-the-majority-in-a-hidden-array	1
3407	remove-comments	0
3408	construct-binary-tree-from-string	0
3409	maximum-value-of-k-coins-from-piles	0
3410	contains-duplicate	0
3411	champagne-tower	0
3412	k-inverse-pairs-array	0
3413	candy-crush	0
3414	find-distance-in-a-binary-tree	0
3415	sudoku-solver	1
3416	delete-nodes-and-return-forest	0
3417	coupon-code-validator	0
3418	minimum-time-for-k-connected-components	0
3419	task-scheduler-ii	0
3421	find-the-maximum-factor-score-of-array	1
3422	count-the-number-of-consistent-strings	0
3423	shortest-subarray-with-or-at-least-k-i	0
3425	check-if-a-parentheses-string-can-be-valid	0
3426	find-the-duplicate-number	0
3427	merge-similar-items	0
3429	find-the-distinct-difference-array	0
3431	smallest-index-with-digit-sum-equal-to-index	0
3432	count-beautiful-numbers	0
3433	average-of-levels-in-binary-tree	0
3434	delete-operation-for-two-strings	0
3435	number-of-ways-to-reorder-array-to-get-same-bst	0
3436	factorial-trailing-zeroes	0
3437	minimum-area-rectangle-ii	0
3438	russian-doll-envelopes	0
3440	number-of-zigzag-arrays-ii	0
3441	maximum-number-of-jumps-to-reach-the-last-index	0
3442	get-watched-videos-by-your-friends	0
3443	delete-the-middle-node-of-a-linked-list	0
3444	remove-invalid-parentheses	0
3446	minimum-cost-to-separate-sentence-into-rows	0
3447	count-the-number-of-incremovable-subarrays-ii	0
3449	minimize-malware-spread	0
3450	check-if-two-chessboard-squares-have-the-same-color	1
3451	profitable-schemes	0
3452	determine-the-winner-of-a-bowling-game	0
3454	minimize-product-sum-of-two-arrays	0
3455	find-the-closest-marked-node	1
3456	minimum-deletions-to-make-array-divisible	0
3457	intersection-of-two-linked-lists	1
3458	where-will-the-ball-fall	0
3459	factorial-generator	0
3460	subsequence-sum-after-capping-elements	0
3461	decompress-run-length-encoded-list	0
3462	summary-ranges	0
3463	lowest-common-ancestor-of-deepest-leaves	0
3466	shortest-distance-from-all-buildings	0
3467	minimum-time-to-visit-all-houses	0
3468	reward-top-k-students	0
3469	operations-on-tree	0
3470	find-all-numbers-disappeared-in-an-array	0
3471	shortest-distance-to-target-color	0
3472	maximum-number-of-moves-in-a-grid	0
3474	pour-water-between-buckets-to-make-water-levels-equal	0
3475	maximum-area-rectangle-with-point-constraints-i	1
3476	find-the-lexicographically-smallest-valid-sequence	0
3477	subsets-ii	0
3478	subtree-inversion-sum	0
3479	count-the-hidden-sequences	0
3481	video-stitching	0
3482	determine-if-two-strings-are-close	0
3485	stone-game-iii	0
3486	number-of-lines-to-write-string	0
3488	find-words-that-can-be-formed-by-characters	0
3490	find-array-given-subset-sums	1
3491	missing-ranges	0
3492	maximize-the-number-of-target-nodes-after-connecting-trees-i	0
3493	maximum-sized-array	0
3494	angle-between-hands-of-a-clock	0
3495	minimum-operations-to-make-character-frequencies-equal	0
3496	find-the-maximum-achievable-number	0
3497	campus-bikes	0
3498	find-good-days-to-rob-the-bank	0
3499	k-divisible-elements-subarrays	0
3500	prime-arrangements	0
3501	count-zero-request-servers	0
3503	meeting-rooms-ii	0
3504	decode-ways	0
3505	minimum-number-of-steps-to-make-two-strings-anagram-ii	0
3506	defuse-the-bomb	0
3507	sum-of-imbalance-numbers-of-all-subarrays	0
3508	divide-array-into-increasing-sequences	0
3509	minimum-cost-to-hire-k-workers	0
3511	minimum-operations-to-remove-adjacent-ones-in-matrix	0
3512	the-earliest-and-latest-rounds-where-players-compete	1
3513	maximum-number-of-operations-to-move-ones-to-the-end	0
3514	minimum-length-of-anagram-concatenation	0
3515	find-the-count-of-numbers-which-are-not-special	0
3516	decode-the-message	1
3517	maximum-number-of-tasks-you-can-assign	0
3518	maximum-number-of-distinct-elements-after-operations	0
3519	sort-the-people	0
3520	final-array-state-after-k-multiplication-operations-i	0
3521	remove-palindromic-subsequences	0
3522	find-the-string-with-lcp	1
3523	elimination-game	0
3524	replace-elements-with-greatest-element-on-right-side	0
3527	find-the-most-competitive-subsequence	0
3529	average-height-of-buildings-in-each-segment	0
3530	maximum-difference-by-remapping-a-digit	0
3531	minimum-average-difference	0
3532	maximum-profitable-triplets-with-increasing-prices-ii	1
3533	valid-triangle-number	0
3534	defanging-an-ip-address	0
3535	shopping-offers	0
3536	alphabet-board-path	0
3537	max-stack	1
3539	shortest-and-lexicographically-smallest-beautiful-string	0
3540	minimum-total-distance-traveled	0
3541	find-the-safest-path-in-a-grid	0
3542	minimum-division-operations-to-make-array-non-decreasing	0
3544	find-all-people-with-secret	0
3545	sum-of-matrix-after-queries	0
3546	smallest-range-ii	0
3547	integer-break	0
3548	match-substring-after-replacement	0
3549	find-polygon-with-the-largest-perimeter	0
3550	intersection-of-two-arrays	0
3551	number-of-unique-flavors-after-sharing-k-candies	0
3552	promise-time-limit	1
3553	design-authentication-manager	0
3554	smallest-k-length-subsequence-with-occurrences-of-a-letter	0
3555	best-sightseeing-pair	0
3556	strobogrammatic-number-ii	0
3557	smallest-greater-multiple-made-of-two-digits	1
3558	maximum-number-of-words-you-can-type	0
3559	largest-time-for-given-digits	0
3560	reschedule-meetings-for-maximum-free-time-ii	0
3561	4sum-ii	0
3563	find-most-frequent-vowel-and-consonant	0
3564	maximum-number-of-weeks-for-which-you-can-work	0
3565	maximize-subarray-sum-after-removing-all-occurrences-of-one-element	0
3566	swapping-nodes-in-a-linked-list	0
3567	maximum-path-score-in-a-grid	0
3568	longest-common-suffix-queries	0
3569	count-the-number-of-houses-at-a-certain-distance-ii	0
3570	buildings-with-an-ocean-view	0
3571	design-spreadsheet	0
3572	sum-of-distances	0
3573	date-range-generator	0
3574	form-array-by-concatenating-subarrays-of-another-array	0
3575	design-file-system	1
3576	implement-trie-prefix-tree	0
3577	maximum-amount-of-money-robot-can-earn	0
3579	maximum-number-of-k-divisible-components	0
3580	concatenate-non-zero-digits-and-multiply-by-sum-ii	0
3581	maximum-number-of-moves-to-kill-all-pawns	0
3582	reverse-degree-of-a-string	0
3583	minimum-discards-to-balance-inventory	0
3584	maximum-total-reward-using-operations-i	0
3585	count-special-triplets	0
3586	calculate-delayed-arrival-time	0
3587	count-beautiful-splits-in-an-array	0
3588	count-servers-that-communicate	0
3589	concatenated-words	0
3590	apply-substitutions	0
3591	stamping-the-grid	0
3592	sum-of-weighted-modes-in-subarrays	0
3593	count-integers-with-even-digit-sum	0
3594	process-restricted-friend-requests	0
3595	minimum-health-to-beat-game	0
3596	n-queens-ii	0
3597	word-pattern-ii	0
3598	remove-duplicate-letters	0
3599	handshakes-that-dont-cross	0
3600	length-of-the-longest-subsequence-that-sums-to-target	0
3601	minimum-add-to-make-parentheses-valid	0
3602	paths-in-maze-that-lead-to-same-room	0
3603	library-late-fee-calculator	0
3604	number-of-ways-to-paint-sheets	0
3606	broken-calculator	0
3607	construct-the-longest-new-string	0
3609	distinct-echo-substrings	0
3610	sliding-subarray-beauty	0
3611	subtract-the-product-and-sum-of-digits-of-an-integer	0
3612	minimum-time-to-eat-all-grains	0
3614	minimum-edge-reversals-so-every-node-is-reachable	0
3615	determine-if-two-events-have-conflict	0
3616	lexicographically-smallest-palindromic-permutation-greater-than-target	0
3617	find-the-maximum-number-of-elements-in-subset	0
3618	reverse-words-in-a-string-ii	0
3619	maximize-the-topmost-element-after-k-moves	0
3620	smallest-missing-non-negative-integer-after-operations	0
3621	number-of-beautiful-partitions	0
3622	find-words-containing-character	0
3623	count-complete-substrings	0
3624	count-prime-gap-balanced-subarrays	0
3625	minimum-number-of-work-sessions-to-finish-the-tasks	0
3626	minimum-increments-for-target-multiples-in-an-array	0
3627	average-value-of-even-numbers-that-are-divisible-by-three	0
3628	find-center-of-star-graph	0
3629	minimum-number-of-increments-on-subarrays-to-form-a-target-array	0
3630	design-movie-rental-system	0
3631	join-two-arrays-by-id	0
3632	letter-combinations-of-a-phone-number	0
3633	maximum-frequency-score-of-a-subarray	0
3634	incremental-memory-leak	0
3636	find-the-xor-of-numbers-which-appear-twice	1
3637	painting-the-walls	0
3638	longest-arithmetic-subsequence	0
3639	filter-restaurants-by-vegan-friendly-price-and-distance	0
3640	minimum-garden-perimeter-to-collect-enough-apples	0
3641	maximum-equal-frequency	0
3642	minimum-cost-to-repair-edges-to-traverse-a-graph	0
3643	merge-triplets-to-form-target-triplet	0
3644	maximal-rectangle	0
3645	count-vowel-strings-in-ranges	0
3646	unique-morse-code-words	0
3647	check-if-point-is-reachable	0
3648	rearrange-string-k-distance-apart	0
3649	find-three-consecutive-integers-that-sum-to-a-given-number	0
3650	count-prefixes-of-a-given-string	0
3651	max-increase-to-keep-city-skyline	0
3653	largest-even-number	0
3654	reachable-nodes-in-subdivided-graph	0
3655	flatten-a-multilevel-doubly-linked-list	1
3656	number-of-prefix-connected-groups	0
3657	minimum-time-takes-to-reach-destination-without-drowning	0
3658	a-number-after-a-double-reversal	0
3661	remove-vowels-from-a-string	0
3662	find-minimum-time-to-finish-all-jobs	0
3663	earliest-possible-day-of-full-bloom	0
3664	shortest-path-in-a-weighted-tree	0
3665	count-subtrees-with-max-distance-between-cities	1
3666	minimum-subarrays-in-a-valid-split	0
3667	encode-string-with-shortest-length	0
3668	find-the-power-of-k-size-subarrays-ii	1
3669	find-in-mountain-array	1
3670	n-ary-tree-preorder-traversal	0
3671	minimum-cost-good-caption	0
3672	minimum-sum-of-values-by-dividing-array	0
3673	group-shifted-strings	0
3674	find-the-prefix-common-array-of-two-arrays	0
3675	rotate-string	0
3676	longest-uncommon-subsequence-i	0
3677	find-the-peaks	0
3678	leftmost-column-with-at-least-a-one	1
3679	pythagorean-distance-nodes-in-a-tree	0
3680	minimum-cost-to-merge-stones	0
3681	calculator-with-method-chaining	0
3682	find-all-lonely-numbers-in-the-array	0
3683	reach-end-of-array-with-max-score	0
3684	watering-plants	0
3685	valid-perfect-square	0
3686	design-a-food-rating-system	0
3687	implement-rand10-using-rand7	1
3688	smallest-subarrays-with-maximum-bitwise-or	0
3689	maximum-score-from-performing-multiplication-operations	0
3690	is-graph-bipartite	0
3691	insufficient-nodes-in-root-to-leaf-paths	0
3692	number-of-beautiful-integers-in-the-range	0
3693	longest-non-decreasing-subarray-from-two-arrays	0
3694	lonely-pixel-i	0
3695	maximum-number-of-coins-you-can-get	0
3696	minimum-moves-to-capture-the-queen	0
3697	shortest-path-in-a-grid-with-obstacles-elimination	0
3698	min-cost-climbing-stairs	0
3699	design-bounded-blocking-queue	1
3701	minimum-cost-path-with-edge-reversals	0
3703	sum-of-mutated-array-closest-to-target	0
3704	minimize-length-of-array-using-operations	0
3705	extract-kth-character-from-the-rope-tree	1
3706	longest-uploaded-prefix	0
3708	count-substrings-with-k-frequency-characters-ii	1
3709	jump-game-iii	0
3710	time-taken-to-mark-all-nodes	0
3711	non-decreasing-array	0
3712	maximum-count-of-positive-integer-and-negative-integer	0
3714	binary-string-with-substrings-representing-1-to-n	0
3715	longest-special-path	0
3716	maximize-the-total-height-of-unique-towers	0
3717	validate-stack-sequences	0
3718	count-almost-equal-pairs-i	1
3719	stone-game-ii	0
3720	maximum-or	0
3721	arithmetic-slices	0
3722	minimum-equal-sum-of-two-arrays-after-replacing-zeros	0
3724	substring-xor-queries	0
3725	destroying-asteroids	0
3726	minimize-deviation-in-array	0
3727	most-frequent-number-following-key-in-an-array	0
3729	maximum-strength-of-k-disjoint-subarrays	0
3730	find-players-with-zero-or-one-losses	0
3731	reveal-cards-in-increasing-order	0
3732	rearrange-characters-to-make-target-string	0
3733	number-of-distinct-binary-strings-after-applying-operations	0
3734	palindrome-rearrangement-queries	0
3735	partition-array-into-three-parts-with-equal-sum	0
3736	find-score-of-an-array-after-marking-all-elements	0
3737	minimum-absolute-difference-in-bst	0
3738	mirror-reflection	0
3740	erect-the-fence-ii	0
3741	find-k-closest-elements	0
3743	count-number-of-maximum-bitwise-or-subsets	1
3745	best-time-to-buy-and-sell-stock-iv	0
3746	nth-magical-number	0
3747	k-similar-strings	0
3748	restore-the-array-from-adjacent-pairs	0
3749	check-if-word-is-valid-after-substitutions	0
3750	non-negative-integers-without-consecutive-ones	0
3752	generate-random-point-in-a-circle	1
3753	minimum-operations-to-make-subarray-elements-equal	0
3754	count-no-zero-pairs-that-sum-to-n	0
3755	lexicographically-smallest-string-after-applying-operations	0
3757	smallest-string-with-swaps	0
3758	is-array-a-preorder-of-some-binary-tree	0
3759	add-two-promises	1
3760	minimum-operations-to-equalize-array	0
3761	convert-binary-search-tree-to-sorted-doubly-linked-list	1
3762	maximum-number-that-makes-result-of-bitwise-and-zero	0
3763	sentence-screen-fitting	0
3764	convert-sorted-array-to-binary-search-tree	0
3765	paths-in-matrix-whose-sum-is-divisible-by-k	0
3766	lexicographically-smallest-string-after-deleting-duplicate-characters	0
3767	rearrange-words-in-a-sentence	0
3768	check-balanced-string	1
3770	maximum-subarray-with-equal-products	0
3771	make-a-positive-array	0
3772	check-if-there-is-a-valid-path-in-a-grid	0
3773	longest-balanced-subarray-ii	0
3774	maximum-size-of-a-set-after-removals	0
3775	count-primes	0
3776	wiggle-sort	0
3777	maximum-score-of-a-good-subarray	0
3778	replace-elements-in-an-array	0
3779	adding-spaces-to-a-string	0
3780	design-a-todo-list	0
3781	network-recovery-pathways	0
3782	single-threaded-cpu	0
3783	count-routes-to-climb-a-rectangular-grid	0
3784	throne-inheritance	0
3785	check-if-number-has-equal-digit-count-and-digit-value	0
3788	binary-tree-paths	0
3789	minimum-elements-to-add-to-form-a-given-sum	0
3790	copy-list-with-random-pointer	1
3791	best-time-to-buy-and-sell-stock-v	0
3792	dungeon-game	0
3793	count-largest-group	0
3794	shuffle-the-array	0
3796	swap-for-longest-repeated-character-substring	0
3797	shortest-palindrome	0
3798	minimum-operations-to-make-array-equal-to-target	1
3799	maximum-total-subarray-value-i	0
3800	find-common-elements-between-two-arrays	0
3801	subsequences-with-a-unique-middle-mode-ii	0
3802	design-search-autocomplete-system	0
3804	find-all-the-lonely-nodes	0
3805	number-of-ways-to-stay-in-the-same-place-after-some-steps	0
3806	sort-the-matrix-diagonally	0
3807	jump-game-ii	0
3808	reorder-list	0
3809	total-cost-to-hire-k-workers	0
3810	maximize-the-distance-between-points-on-a-square	0
3811	splitting-a-string-into-descending-consecutive-values	0
3813	tree-of-coprimes	0
3815	strange-printer-ii	0
3817	remove-letter-to-equalize-frequency	0
3818	check-divisibility-by-digit-sum-and-product	0
3819	task-scheduler	0
3820	divide-array-in-sets-of-k-consecutive-numbers	0
3821	sum-of-prefix-scores-of-strings	0
3822	sum-game	0
3823	minimum-operations-to-reach-target-array	0
3825	max-area-of-island	0
3826	minimum-number-of-frogs-croaking	0
3827	minimum-operations-to-make-all-array-elements-equal	0
3828	minimum-moves-to-pick-k-ones	0
3829	reverse-only-letters	0
3830	find-right-interval	0
3831	find-the-kth-largest-integer-in-the-array	0
3832	design-memory-allocator	1
3833	insert-into-a-sorted-circular-linked-list	1
3834	count-lattice-points-inside-a-circle	0
3835	check-if-all-characters-have-equal-number-of-occurrences	0
3836	escape-the-spreading-fire	0
3837	uncrossed-lines	0
3838	two-out-of-three	0
3839	maximum-value-at-a-given-index-in-a-bounded-array	0
3840	my-calendar-i	0
3841	maximize-the-confusion-of-an-exam	0
3842	first-day-where-you-have-been-in-all-the-rooms	0
3843	encode-number	0
3845	repeated-substring-pattern	0
